Tiempo,Temperatura atmosferica,Temperatura LUFT
2026-03-22 20:30:00,24.2000,0.0000
2026-03-22 20:40:00,24.1000,0.0000
2026-03-22 20:50:00,24.4000,22.9000
2026-03-22 21:00:00,24.2000,23.0000
2026-03-22 21:10:00,24.5000,0.0000
2026-03-22 21:20:00,24.7000,23.2000
2026-03-22 21:30:00,24.7000,0.0000
2026-03-22 21:40:00,24.7000,0.0000
2026-03-22 21:50:00,24.8000,23.3000
2026-03-22 22:00:00,25.0000,23.3000
2026-03-22 22:10:00,25.0000,23.5000
2026-03-22 22:20:00,24.8000,0.0000
2026-03-22 22:30:00,24.9000,23.3000
2026-03-22 22:40:00,24.8000,0.0000
2026-03-22 22:50:00,24.8000,23.2000
2026-03-22 23:00:00,24.7000,23.5000
2026-03-22 23:10:00,24.5000,23.3000
2026-03-22 23:20:00,24.4000,23.4000
2026-03-22 23:30:00,24.5000,0.0000
2026-03-22 23:40:00,24.4000,23.2000
2026-03-22 23:50:00,24.4000,23.3000
2026-03-23 00:00:00,24.3000,23.5000
2026-03-23 00:10:00,24.3000,23.3000
2026-03-23 00:20:00,24.3000,0.0000
2026-03-23 00:30:00,24.3000,23.4000
2026-03-23 00:40:00,24.4000,23.3000
2026-03-23 00:50:00,24.4000,0.0000
2026-03-23 01:00:00,24.5000,0.0000
2026-03-23 01:10:00,24.4000,0.0000
2026-03-23 01:20:00,24.4000,23.1000
2026-03-23 01:30:00,24.3000,23.3000
2026-03-23 01:40:00,24.3000,23.5000
2026-03-23 01:50:00,24.4000,23.3000
2026-03-23 02:00:00,24.3000,0.0000
2026-03-23 02:10:00,24.4000,23.0000
2026-03-23 02:20:00,24.4000,23.3000
2026-03-23 02:30:00,24.3000,23.2000
2026-03-23 02:40:00,24.3000,0.0000
2026-03-23 02:50:00,24.3000,23.1000
2026-03-23 03:00:00,24.3000,23.1000
2026-03-23 03:10:00,24.2000,23.1000
2026-03-23 03:20:00,24.3000,23.0000
2026-03-23 03:30:00,24.3000,23.1000
2026-03-23 03:40:00,24.3000,22.9000
2026-03-23 03:50:00,24.2000,0.0000
2026-03-23 04:00:00,24.2000,23.0000
2026-03-23 04:10:00,24.3000,23.0000
2026-03-23 04:20:00,24.3000,23.0000
2026-03-23 04:30:00,24.2000,22.9000
2026-03-23 04:40:00,24.2000,22.9000
2026-03-23 04:50:00,24.2000,22.8000
2026-03-23 05:00:00,24.1000,22.7000
2026-03-23 05:10:00,24.1000,22.8000
2026-03-23 05:20:00,24.2000,22.9000
2026-03-23 05:30:00,24.1000,22.8000
2026-03-23 05:40:00,24.1000,22.7000
2026-03-23 05:50:00,24.0000,0.0000
2026-03-23 06:00:00,23.8000,0.0000
2026-03-23 06:10:00,23.6000,22.3000
2026-03-23 06:20:00,23.5000,22.2000
2026-03-23 06:30:00,23.4000,22.2000
2026-03-23 06:40:00,23.4000,22.2000
2026-03-23 06:50:00,23.3000,22.1000
2026-03-23 07:00:00,23.2000,0.0000
2026-03-23 07:10:00,23.2000,22.0000
2026-03-23 07:20:00,23.1000,0.0000
2026-03-23 07:30:00,23.2000,
2026-03-23 07:40:00,23.2000,
2026-03-23 07:50:00,23.2000,
2026-03-23 08:00:00,23.1000,
2026-03-23 08:10:00,23.0000,
2026-03-23 08:20:00,22.9000,
2026-03-23 08:30:00,22.9000,
2026-03-23 08:40:00,22.8000,
2026-03-23 08:50:00,22.7000,
2026-03-23 09:00:00,22.6000,
2026-03-23 09:10:00,22.5000,
2026-03-23 09:20:00,22.4000,
2026-03-23 09:30:00,22.4000,
2026-03-23 09:40:00,22.4000,
2026-03-23 09:50:00,22.4000,
2026-03-23 10:00:00,22.4000,
2026-03-23 10:10:00,22.4000,
2026-03-23 10:20:00,22.4000,
2026-03-23 10:30:00,22.4000,
2026-03-23 10:40:00,22.4000,
2026-03-23 10:50:00,22.4000,0.0000
2026-03-23 11:00:00,22.4000,21.4000
2026-03-23 11:10:00,22.4000,0.0000
2026-03-23 11:20:00,22.4000,21.4000
2026-03-23 11:30:00,22.3000,21.3000
2026-03-23 11:40:00,22.3000,21.4000
2026-03-23 11:50:00,22.3000,21.3000
2026-03-23 12:00:00,22.3000,21.2000
2026-03-23 12:10:00,22.3000,21.3000
2026-03-23 12:20:00,22.3000,0.0000
2026-03-23 12:30:00,22.6000,0.0000
2026-03-23 12:40:00,22.7000,21.4000
2026-03-23 12:50:00,22.8000,21.4000
2026-03-23 13:00:00,22.9000,21.3000
2026-03-23 13:10:00,23.0000,0.0000
2026-03-23 13:20:00,22.8000,0.0000
2026-03-23 13:30:00,22.8000,0.0000
2026-03-23 13:40:00,22.7000,0.0000
2026-03-23 13:50:00,22.8000,20.8000
2026-03-23 14:00:00,22.9000,21.3000
2026-03-23 14:10:00,23.3000,21.7000
2026-03-23 14:20:00,23.7000,0.0000
2026-03-23 14:30:00,24.1000,22.0000
2026-03-23 14:40:00,24.4000,22.3000
2026-03-23 14:50:00,24.5000,22.3000
2026-03-23 15:00:00,24.4000,22.1000
2026-03-23 15:10:00,24.6000,22.5000
2026-03-23 15:20:00,24.8000,0.0000
2026-03-23 15:30:00,24.6000,22.6000
2026-03-23 15:40:00,24.7000,22.5000
2026-03-23 15:50:00,25.0000,0.0000
2026-03-23 16:00:00,25.2000,0.0000
2026-03-23 16:10:00,25.2000,23.2000
2026-03-23 16:20:00,25.3000,22.5000
2026-03-23 16:30:00,25.4000,22.9000
2026-03-23 16:40:00,25.4000,23.3000
2026-03-23 16:50:00,25.3000,23.3000
2026-03-23 17:00:00,25.2000,22.9000
2026-03-23 17:10:00,25.1000,23.2000
2026-03-23 17:20:00,25.1000,22.6000
2026-03-23 17:30:00,25.0000,22.7000
2026-03-23 17:40:00,25.0000,22.9000
2026-03-23 17:50:00,25.0000,22.6000
2026-03-23 18:00:00,24.9000,0.0000
2026-03-23 18:10:00,24.9000,22.6000
2026-03-23 18:20:00,24.8000,22.5000
2026-03-23 18:30:00,24.9000,0.0000
2026-03-23 18:40:00,25.0000,0.0000
2026-03-23 18:50:00,24.9000,22.7000
2026-03-23 19:00:00,24.9000,22.7000
2026-03-23 19:10:00,25.0000,22.5000
2026-03-23 19:20:00,25.0000,22.8000
2026-03-23 19:30:00,25.0000,0.0000
2026-03-23 19:40:00,25.1000,22.9000
2026-03-23 19:50:00,25.2000,22.6000
2026-03-23 20:00:00,25.0000,0.0000
2026-03-23 20:10:00,25.0000,22.6000
2026-03-23 20:20:00,25.1000,22.8000
2026-03-23 20:30:00,25.1000,22.9000
2026-03-23 20:40:00,25.2000,22.7000
2026-03-23 20:50:00,25.2000,22.6000
2026-03-23 21:00:00,25.2000,22.6000
2026-03-23 21:10:00,25.2000,22.7000
2026-03-23 21:20:00,25.3000,0.0000
2026-03-23 21:30:00,25.4000,22.7000
2026-03-23 21:40:00,25.4000,22.7000
2026-03-23 21:50:00,25.5000,23.0000
2026-03-23 22:00:00,25.5000,23.0000
2026-03-23 22:10:00,25.6000,23.0000
2026-03-23 22:20:00,25.7000,22.9000
2026-03-23 22:30:00,25.6000,22.9000
2026-03-23 22:40:00,25.7000,0.0000
2026-03-23 22:50:00,25.6000,23.0000
2026-03-23 23:00:00,25.6000,23.2000
2026-03-23 23:10:00,25.4000,23.1000
2026-03-23 23:20:00,25.4000,23.0000
2026-03-23 23:30:00,25.3000,22.9000
2026-03-23 23:40:00,25.4000,23.1000
2026-03-23 23:50:00,25.4000,23.0000
2026-03-24 00:00:00,25.3000,23.2000
2026-03-24 00:10:00,25.4000,23.2000
2026-03-24 00:20:00,25.3000,23.0000
2026-03-24 00:30:00,25.3000,23.3000
2026-03-24 00:40:00,25.3000,0.0000
2026-03-24 00:50:00,25.3000,0.0000
2026-03-24 01:00:00,25.3000,23.1000
2026-03-24 01:10:00,25.3000,23.2000
2026-03-24 01:20:00,25.3000,23.1000
2026-03-24 01:30:00,25.4000,0.0000
2026-03-24 01:40:00,25.3000,23.1000
2026-03-24 01:50:00,25.3000,23.0000
2026-03-24 02:00:00,25.3000,23.0000
2026-03-24 02:10:00,25.2000,0.0000
2026-03-24 02:20:00,25.2000,22.9000
2026-03-24 02:30:00,25.2000,22.9000
2026-03-24 02:40:00,25.2000,22.8000
2026-03-24 02:50:00,25.1000,22.8000
2026-03-24 03:00:00,25.0000,23.0000
2026-03-24 03:10:00,25.1000,22.8000
2026-03-24 03:20:00,25.1000,0.0000
2026-03-24 03:30:00,25.0000,23.0000
2026-03-24 03:40:00,25.1000,22.9000
2026-03-24 03:50:00,25.1000,22.9000
2026-03-24 04:00:00,25.1000,0.0000
2026-03-24 04:10:00,25.1000,23.0000
2026-03-24 04:20:00,25.1000,22.8000
2026-03-24 04:30:00,25.0000,22.8000
2026-03-24 04:40:00,25.1000,22.7000
2026-03-24 04:50:00,25.0000,22.8000
2026-03-24 05:00:00,25.0000,0.0000
2026-03-24 05:10:00,25.0000,22.8000
2026-03-24 05:20:00,25.0000,22.6000
2026-03-24 05:30:00,24.9000,22.6000
2026-03-24 05:40:00,24.9000,22.6000
2026-03-24 05:50:00,24.9000,22.5000
2026-03-24 06:00:00,24.9000,22.5000
2026-03-24 06:10:00,24.8000,22.6000
2026-03-24 06:20:00,24.8000,0.0000
2026-03-24 06:30:00,24.8000,22.6000
2026-03-24 06:40:00,24.7000,22.5000
2026-03-24 06:50:00,24.7000,0.0000
2026-03-24 07:00:00,24.7000,22.4000
2026-03-24 07:10:00,24.6000,22.4000
2026-03-24 07:20:00,24.6000,0.0000
2026-03-24 07:30:00,24.6000,22.3000
2026-03-24 07:40:00,24.7000,22.4000
2026-03-24 07:50:00,24.7000,0.0000
2026-03-24 08:00:00,24.6000,0.0000
2026-03-24 08:10:00,24.6000,22.4000
2026-03-24 08:20:00,24.7000,0.0000
2026-03-24 08:30:00,24.7000,0.0000
2026-03-24 08:40:00,24.6000,22.3000
2026-03-24 08:50:00,24.6000,22.2000
2026-03-24 09:00:00,24.6000,22.2000
2026-03-24 09:10:00,24.5000,0.0000
2026-03-24 09:20:00,24.5000,0.0000
2026-03-24 09:30:00,24.5000,22.2000
2026-03-24 09:40:00,24.5000,22.2000
2026-03-24 09:50:00,24.5000,22.2000
2026-03-24 10:00:00,24.5000,22.2000
2026-03-24 10:10:00,24.4000,22.1000
2026-03-24 10:20:00,24.5000,0.0000
2026-03-24 10:30:00,24.4000,0.0000
2026-03-24 10:40:00,24.4000,22.2000
2026-03-24 10:50:00,24.4000,0.0000
2026-03-24 11:00:00,24.5000,22.2000
2026-03-24 11:10:00,24.5000,22.0000
2026-03-24 11:20:00,24.4000,0.0000
2026-03-24 11:30:00,24.4000,22.3000
2026-03-24 11:40:00,24.5000,22.0000
2026-03-24 11:50:00,24.4000,0.0000
2026-03-24 12:00:00,24.4000,0.0000
2026-03-24 12:10:00,24.4000,22.2000
2026-03-24 12:20:00,24.4000,22.1000
2026-03-24 12:30:00,24.4000,22.1000
2026-03-24 12:40:00,24.3000,22.2000
2026-03-24 12:50:00,24.4000,0.0000
2026-03-24 13:00:00,24.6000,22.2000
2026-03-24 13:10:00,24.6000,22.2000
2026-03-24 13:20:00,24.5000,22.1000
2026-03-24 13:30:00,24.5000,22.2000
2026-03-24 13:40:00,24.5000,22.1000
2026-03-24 13:50:00,24.5000,22.2000
2026-03-24 14:00:00,24.6000,22.3000
2026-03-24 14:10:00,24.6000,22.3000
2026-03-24 14:20:00,24.7000,0.0000
2026-03-24 14:30:00,24.9000,22.2000
2026-03-24 14:40:00,24.9000,0.0000
2026-03-24 14:50:00,24.9000,0.0000
2026-03-24 15:00:00,24.9000,22.4000
2026-03-24 15:10:00,25.0000,0.0000
2026-03-24 15:20:00,25.0000,0.0000
2026-03-24 15:30:00,25.1000,22.2000
2026-03-24 15:40:00,25.2000,21.9000
2026-03-24 15:50:00,25.3000,22.2000
2026-03-24 16:00:00,25.3000,0.0000
2026-03-24 16:10:00,25.2000,22.1000
2026-03-24 16:20:00,25.1000,22.2000
2026-03-24 16:30:00,25.2000,0.0000
2026-03-24 16:40:00,25.3000,22.3000
2026-03-24 16:50:00,25.4000,22.3000
2026-03-24 17:00:00,25.4000,22.7000
2026-03-24 17:10:00,25.4000,22.4000
2026-03-24 17:20:00,25.5000,22.4000
2026-03-24 17:30:00,25.4000,22.8000
2026-03-24 17:40:00,25.5000,22.5000
2026-03-24 17:50:00,25.4000,22.4000
2026-03-24 18:00:00,25.4000,22.6000
2026-03-24 18:10:00,25.3000,22.7000
2026-03-24 18:20:00,25.2000,22.5000
2026-03-24 18:30:00,25.3000,0.0000
2026-03-24 18:40:00,25.3000,0.0000
2026-03-24 18:50:00,25.2000,0.0000
2026-03-24 19:00:00,25.2000,22.7000
2026-03-24 19:10:00,25.2000,22.4000
2026-03-24 19:20:00,25.2000,22.5000
2026-03-24 19:30:00,25.2000,22.4000
2026-03-24 19:40:00,25.2000,22.9000
2026-03-24 19:50:00,25.2000,22.5000
2026-03-24 20:00:00,25.2000,22.2000
2026-03-24 20:10:00,25.3000,0.0000
2026-03-24 20:20:00,25.3000,22.5000
2026-03-24 20:30:00,25.3000,22.6000
2026-03-24 20:40:00,25.2000,22.4000
2026-03-24 20:50:00,25.3000,22.6000
2026-03-24 21:00:00,25.4000,0.0000
2026-03-24 21:10:00,25.3000,22.6000
2026-03-24 21:20:00,25.3000,22.5000
2026-03-24 21:30:00,25.4000,22.6000
2026-03-24 21:40:00,25.4000,23.0000
2026-03-24 21:50:00,25.5000,22.7000
2026-03-24 22:00:00,25.5000,22.6000
2026-03-24 22:10:00,25.7000,0.0000
2026-03-24 22:20:00,25.6000,22.7000
2026-03-24 22:30:00,25.6000,22.7000
2026-03-24 22:40:00,25.5000,0.0000
2026-03-24 22:50:00,25.7000,0.0000
2026-03-24 23:00:00,25.6000,22.7000
2026-03-24 23:10:00,25.3000,22.6000
2026-03-24 23:20:00,25.1000,23.0000
2026-03-24 23:30:00,25.1000,22.6000
2026-03-24 23:40:00,25.2000,22.9000
2026-03-24 23:50:00,25.1000,23.0000
2026-03-25 00:00:00,25.2000,0.0000
2026-03-25 00:10:00,25.1000,22.9000
2026-03-25 00:20:00,25.1000,22.7000
2026-03-25 00:30:00,25.1000,22.9000
2026-03-25 00:40:00,25.1000,22.9000
2026-03-25 00:50:00,25.1000,22.7000
2026-03-25 01:00:00,25.1000,22.9000
2026-03-25 01:10:00,25.0000,22.8000
2026-03-25 01:20:00,25.1000,0.0000
2026-03-25 01:30:00,25.1000,0.0000
2026-03-25 01:40:00,25.0000,22.7000
2026-03-25 01:50:00,25.0000,22.7000
2026-03-25 02:00:00,25.0000,22.9000
2026-03-25 02:10:00,25.0000,22.6000
2026-03-25 02:20:00,25.0000,22.7000
2026-03-25 02:30:00,25.0000,22.7000
2026-03-25 02:40:00,25.0000,22.6000
2026-03-25 02:50:00,25.0000,22.7000
2026-03-25 03:00:00,25.0000,22.7000
2026-03-25 03:10:00,25.0000,22.8000
2026-03-25 03:20:00,25.0000,0.0000
2026-03-25 03:30:00,25.0000,0.0000
2026-03-25 03:40:00,25.0000,22.8000
2026-03-25 03:50:00,25.1000,22.7000
2026-03-25 04:00:00,25.1000,22.7000
2026-03-25 04:10:00,25.0000,22.6000
2026-03-25 04:20:00,25.0000,22.6000
2026-03-25 04:30:00,25.1000,22.7000
2026-03-25 04:40:00,25.1000,22.6000
2026-03-25 04:50:00,25.0000,22.7000
2026-03-25 05:00:00,25.0000,22.7000
2026-03-25 05:10:00,25.0000,0.0000
2026-03-25 05:20:00,24.9000,22.7000
2026-03-25 05:30:00,25.0000,0.0000
2026-03-25 05:40:00,24.8000,22.3000
2026-03-25 05:50:00,24.8000,22.4000
2026-03-25 06:00:00,24.7000,22.4000
2026-03-25 06:10:00,24.6000,22.4000
2026-03-25 06:20:00,24.5000,22.3000
2026-03-25 06:30:00,24.5000,22.3000
2026-03-25 06:40:00,24.4000,22.3000
2026-03-25 06:50:00,24.4000,22.3000
2026-03-25 07:00:00,24.3000,22.2000
2026-03-25 07:10:00,24.3000,22.2000
2026-03-25 07:20:00,24.2000,22.3000
2026-03-25 07:30:00,24.1000,22.2000
2026-03-25 07:40:00,24.1000,22.2000
2026-03-25 07:50:00,24.1000,22.2000
2026-03-25 08:00:00,24.1000,0.0000
2026-03-25 08:10:00,24.1000,0.0000
2026-03-25 08:20:00,24.1000,22.1000
2026-03-25 08:30:00,24.1000,0.0000
2026-03-25 08:40:00,24.1000,22.1000
2026-03-25 08:50:00,24.1000,22.1000
2026-03-25 09:00:00,24.1000,0.0000
2026-03-25 09:10:00,24.1000,22.0000
2026-03-25 09:20:00,24.0000,0.0000
2026-03-25 09:30:00,24.0000,0.0000
2026-03-25 09:40:00,24.0000,0.0000
2026-03-25 09:50:00,24.0000,0.0000
2026-03-25 10:00:00,24.0000,21.9000
2026-03-25 10:10:00,24.1000,21.9000
2026-03-25 10:20:00,24.2000,0.0000
2026-03-25 10:30:00,24.3000,22.1000
2026-03-25 10:40:00,24.3000,0.0000
2026-03-25 10:50:00,24.2000,22.1000
2026-03-25 11:00:00,24.2000,0.0000
2026-03-25 11:10:00,24.3000,22.1000
2026-03-25 11:20:00,24.4000,22.1000
2026-03-25 11:30:00,24.3000,0.0000
2026-03-25 11:40:00,24.4000,22.2000
2026-03-25 11:50:00,24.4000,22.2000
2026-03-25 12:00:00,24.3000,0.0000
2026-03-25 12:10:00,24.4000,0.0000
2026-03-25 12:20:00,24.3000,22.2000
2026-03-25 12:30:00,24.4000,22.1000
2026-03-25 12:40:00,24.3000,22.0000
2026-03-25 12:50:00,24.3000,22.2000
2026-03-25 13:00:00,24.4000,0.0000
2026-03-25 13:10:00,24.6000,22.2000
2026-03-25 13:20:00,24.6000,0.0000
2026-03-25 13:30:00,24.6000,22.2000
2026-03-25 13:40:00,24.6000,0.0000
2026-03-25 13:50:00,24.6000,22.4000
2026-03-25 14:00:00,24.7000,0.0000
2026-03-25 14:10:00,24.7000,22.4000
2026-03-25 14:20:00,25.0000,22.4000
2026-03-25 14:30:00,24.9000,22.3000
2026-03-25 14:40:00,25.1000,22.3000
2026-03-25 14:50:00,25.4000,22.3000
2026-03-25 15:00:00,25.3000,22.3000
2026-03-25 15:10:00,25.3000,22.2000
2026-03-25 15:20:00,25.3000,0.0000
2026-03-25 15:30:00,25.5000,22.5000
2026-03-25 15:40:00,25.6000,22.4000
2026-03-25 15:50:00,25.5000,22.6000
2026-03-25 16:00:00,25.9000,0.0000
2026-03-25 16:10:00,25.8000,22.7000
2026-03-25 16:20:00,25.6000,0.0000
2026-03-25 16:30:00,25.8000,22.8000
2026-03-25 16:40:00,25.7000,23.0000
2026-03-25 16:50:00,25.7000,0.0000
2026-03-25 17:00:00,25.7000,0.0000
2026-03-25 17:10:00,25.9000,22.8000
2026-03-25 17:20:00,25.8000,0.0000
2026-03-25 17:30:00,25.5000,23.1000
2026-03-25 17:40:00,25.6000,0.0000
2026-03-25 17:50:00,25.5000,0.0000
2026-03-25 18:00:00,25.4000,23.1000
2026-03-25 18:10:00,25.6000,0.0000
2026-03-25 18:20:00,25.6000,0.0000
2026-03-25 18:30:00,25.6000,23.0000
2026-03-25 18:40:00,25.6000,0.0000
2026-03-25 18:50:00,25.6000,22.9000
2026-03-25 19:00:00,25.5000,23.0000
2026-03-25 19:10:00,25.4000,23.0000
2026-03-25 19:20:00,25.5000,0.0000
2026-03-25 19:30:00,25.5000,23.0000
2026-03-25 19:40:00,25.5000,0.0000
2026-03-25 19:50:00,25.6000,22.8000
2026-03-25 20:00:00,25.4000,22.9000
2026-03-25 20:10:00,25.6000,23.0000
2026-03-25 20:20:00,25.5000,22.9000
2026-03-25 20:30:00,25.5000,22.7000
2026-03-25 20:40:00,25.4000,22.7000
2026-03-25 20:50:00,25.5000,23.0000
2026-03-25 21:00:00,25.5000,23.2000
2026-03-25 21:10:00,25.5000,23.0000
2026-03-25 21:20:00,25.5000,22.7000
2026-03-25 21:30:00,25.5000,0.0000
2026-03-25 21:40:00,25.5000,0.0000
2026-03-25 21:50:00,25.4000,22.5000
2026-03-25 22:00:00,25.5000,0.0000
2026-03-25 22:10:00,25.6000,0.0000
2026-03-25 22:20:00,25.5000,23.0000
2026-03-25 22:30:00,25.5000,0.0000
2026-03-25 22:40:00,25.5000,22.7000
2026-03-25 22:50:00,25.4000,22.3000
2026-03-25 23:00:00,25.5000,0.0000
2026-03-25 23:10:00,25.1000,0.0000
2026-03-25 23:20:00,25.1000,22.6000
2026-03-25 23:30:00,25.0000,22.4000
2026-03-25 23:40:00,25.0000,22.8000
2026-03-25 23:50:00,25.0000,0.0000
2026-03-26 00:00:00,24.9000,0.0000
2026-03-26 00:10:00,25.0000,22.8000
2026-03-26 00:20:00,25.2000,22.8000
2026-03-26 00:30:00,25.0000,0.0000
2026-03-26 00:40:00,24.9000,22.7000
2026-03-26 00:50:00,24.9000,0.0000
2026-03-26 01:00:00,24.8000,22.7000
2026-03-26 01:10:00,24.9000,22.8000
2026-03-26 01:20:00,24.9000,22.6000
2026-03-26 01:30:00,24.9000,22.7000
2026-03-26 01:40:00,24.8000,0.0000
2026-03-26 01:50:00,24.8000,22.7000
2026-03-26 02:00:00,24.8000,22.5000
2026-03-26 02:10:00,24.8000,0.0000
2026-03-26 02:20:00,24.8000,22.7000
2026-03-26 02:30:00,24.8000,0.0000
2026-03-26 02:40:00,24.9000,22.5000
2026-03-26 02:50:00,24.8000,22.6000
2026-03-26 03:00:00,24.8000,0.0000
2026-03-26 03:10:00,24.7000,22.4000
2026-03-26 03:20:00,24.8000,22.5000
2026-03-26 03:30:00,24.8000,22.4000
2026-03-26 03:40:00,24.8000,22.5000
2026-03-26 03:50:00,24.7000,22.6000
2026-03-26 04:00:00,24.7000,0.0000
2026-03-26 04:10:00,24.7000,22.6000
2026-03-26 04:20:00,24.7000,22.5000
2026-03-26 04:30:00,24.8000,22.4000
2026-03-26 04:40:00,24.7000,22.5000
2026-03-26 04:50:00,24.7000,22.5000
2026-03-26 05:00:00,24.7000,22.5000
2026-03-26 05:10:00,24.7000,22.4000
2026-03-26 05:20:00,24.7000,22.5000
2026-03-26 05:30:00,24.7000,0.0000
2026-03-26 05:40:00,24.6000,22.4000
2026-03-26 05:50:00,24.7000,22.5000
2026-03-26 06:00:00,24.7000,22.5000
2026-03-26 06:10:00,24.6000,22.4000
2026-03-26 06:20:00,24.7000,22.4000
2026-03-26 06:30:00,24.7000,0.0000
2026-03-26 06:40:00,24.7000,22.5000
2026-03-26 06:50:00,24.6000,0.0000
2026-03-26 07:00:00,24.5000,0.0000
2026-03-26 07:10:00,24.4000,22.1000
2026-03-26 07:20:00,24.3000,0.0000
2026-03-26 07:30:00,24.2000,0.0000
2026-03-26 07:40:00,24.2000,22.1000
2026-03-26 07:50:00,24.1000,22.0000
2026-03-26 08:00:00,24.1000,22.0000
2026-03-26 08:10:00,24.0000,21.9000
2026-03-26 08:20:00,24.0000,21.9000
2026-03-26 08:30:00,23.9000,0.0000
2026-03-26 08:40:00,23.8000,0.0000
2026-03-26 08:50:00,23.8000,21.7000
2026-03-26 09:00:00,23.8000,21.9000
2026-03-26 09:10:00,23.9000,0.0000
2026-03-26 09:20:00,23.9000,21.8000
2026-03-26 09:30:00,23.9000,21.8000
2026-03-26 09:40:00,23.9000,0.0000
2026-03-26 09:50:00,24.0000,21.9000
2026-03-26 10:00:00,24.0000,21.9000
2026-03-26 10:10:00,24.0000,22.0000
2026-03-26 10:20:00,24.0000,0.0000
2026-03-26 10:30:00,24.0000,21.9000
2026-03-26 10:40:00,24.1000,21.9000
2026-03-26 10:50:00,24.0000,21.9000
2026-03-26 11:00:00,24.0000,21.8000
2026-03-26 11:10:00,24.1000,0.0000
2026-03-26 11:20:00,24.1000,21.8000
2026-03-26 11:30:00,24.1000,22.0000
2026-03-26 11:40:00,24.0000,22.2000
2026-03-26 11:50:00,24.1000,0.0000
2026-03-26 12:00:00,24.2000,0.0000
2026-03-26 12:10:00,24.2000,22.1000
2026-03-26 12:20:00,24.2000,22.2000
2026-03-26 12:30:00,24.2000,0.0000
2026-03-26 12:40:00,24.3000,22.1000
2026-03-26 12:50:00,24.4000,22.1000
2026-03-26 13:00:00,24.5000,21.9000
2026-03-26 13:10:00,24.7000,21.9000
2026-03-26 13:20:00,24.9000,22.1000
2026-03-26 13:30:00,25.1000,22.3000
2026-03-26 13:40:00,25.2000,22.0000
2026-03-26 13:50:00,25.3000,0.0000
2026-03-26 14:00:00,25.2000,22.0000
2026-03-26 14:10:00,25.4000,22.0000
2026-03-26 14:20:00,25.6000,0.0000
2026-03-26 14:30:00,25.7000,22.1000
2026-03-26 14:40:00,25.5000,0.0000
2026-03-26 14:50:00,25.6000,0.0000
2026-03-26 15:00:00,25.7000,22.4000
2026-03-26 15:10:00,25.9000,0.0000
2026-03-26 15:20:00,25.8000,22.8000
2026-03-26 15:30:00,25.9000,0.0000
2026-03-26 15:40:00,25.9000,22.6000
2026-03-26 15:50:00,25.9000,22.5000
2026-03-26 16:00:00,25.8000,22.7000
2026-03-26 16:10:00,25.8000,0.0000
2026-03-26 16:20:00,25.8000,22.7000
2026-03-26 16:30:00,25.8000,23.0000
2026-03-26 16:40:00,25.8000,0.0000
2026-03-26 16:50:00,25.8000,22.8000
2026-03-26 17:00:00,25.8000,22.9000
2026-03-26 17:10:00,25.7000,23.0000
2026-03-26 17:20:00,25.7000,23.0000
2026-03-26 17:30:00,25.6000,23.0000
2026-03-26 17:40:00,25.4000,0.0000
2026-03-26 17:50:00,25.4000,23.0000
2026-03-26 18:00:00,25.4000,23.0000
2026-03-26 18:10:00,25.4000,23.1000
2026-03-26 18:20:00,25.5000,23.0000
2026-03-26 18:30:00,25.4000,0.0000
2026-03-26 18:40:00,25.4000,23.1000
2026-03-26 18:50:00,25.4000,0.0000
2026-03-26 19:00:00,25.3000,23.1000
2026-03-26 19:10:00,25.3000,23.2000
2026-03-26 19:20:00,25.3000,23.1000
2026-03-26 19:30:00,25.3000,0.0000
2026-03-26 19:40:00,25.4000,22.9000
2026-03-26 19:50:00,25.3000,23.4000
2026-03-26 20:00:00,25.2000,23.2000
2026-03-26 20:10:00,25.3000,0.0000
2026-03-26 20:20:00,25.3000,0.0000
2026-03-26 20:30:00,25.4000,23.0000
2026-03-26 20:40:00,25.4000,23.2000
2026-03-26 20:50:00,25.5000,23.1000
2026-03-26 21:00:00,25.3000,22.9000
2026-03-26 21:10:00,25.4000,23.0000
2026-03-26 21:20:00,25.5000,22.9000
2026-03-26 21:30:00,25.5000,0.0000
2026-03-26 21:40:00,25.6000,23.1000
2026-03-26 21:50:00,25.6000,23.0000
2026-03-26 22:00:00,25.6000,0.0000
2026-03-26 22:10:00,25.7000,22.8000
2026-03-26 22:20:00,25.7000,22.9000
2026-03-26 22:30:00,25.8000,22.6000
2026-03-26 22:40:00,25.7000,0.0000
2026-03-26 22:50:00,25.7000,0.0000
2026-03-26 23:00:00,25.7000,22.7000
2026-03-26 23:10:00,25.3000,22.8000
2026-03-26 23:20:00,25.2000,23.0000
2026-03-26 23:30:00,25.3000,23.0000
2026-03-26 23:40:00,25.2000,0.0000
2026-03-26 23:50:00,25.2000,23.3000
2026-03-27 00:00:00,25.1000,22.8000
2026-03-27 00:10:00,25.2000,22.8000
2026-03-27 00:20:00,25.2000,22.7000
2026-03-27 00:30:00,25.2000,23.0000
2026-03-27 00:40:00,25.1000,22.6000
2026-03-27 00:50:00,25.1000,22.9000
2026-03-27 01:00:00,25.2000,22.8000
2026-03-27 01:10:00,25.1000,22.8000
2026-03-27 01:20:00,25.0000,0.0000
2026-03-27 01:30:00,24.9000,22.8000
2026-03-27 01:40:00,25.0000,22.6000
2026-03-27 01:50:00,25.0000,22.8000
2026-03-27 02:00:00,24.9000,22.7000
2026-03-27 02:10:00,24.9000,0.0000
2026-03-27 02:20:00,24.9000,0.0000
2026-03-27 02:30:00,24.9000,22.9000
2026-03-27 02:40:00,24.9000,0.0000
2026-03-27 02:50:00,24.8000,22.7000
2026-03-27 03:00:00,24.8000,0.0000
2026-03-27 03:10:00,24.9000,22.7000
2026-03-27 03:20:00,24.9000,22.8000
2026-03-27 03:30:00,24.8000,0.0000
2026-03-27 03:40:00,24.9000,22.8000
2026-03-27 03:50:00,24.8000,22.6000
2026-03-27 04:00:00,24.8000,0.0000
2026-03-27 04:10:00,24.8000,22.9000
2026-03-27 04:20:00,24.8000,22.9000
2026-03-27 04:30:00,24.8000,0.0000
2026-03-27 04:40:00,24.8000,0.0000
2026-03-27 04:50:00,24.8000,22.7000
2026-03-27 05:00:00,24.8000,22.8000
2026-03-27 05:10:00,24.8000,22.6000
2026-03-27 05:20:00,24.8000,22.6000
2026-03-27 05:30:00,24.9000,0.0000
2026-03-27 05:40:00,24.8000,0.0000
2026-03-27 05:50:00,24.8000,0.0000
2026-03-27 06:00:00,24.8000,22.7000
2026-03-27 06:10:00,24.8000,22.6000
2026-03-27 06:20:00,24.8000,22.6000
2026-03-27 06:30:00,24.8000,22.6000
2026-03-27 06:40:00,24.8000,22.6000
2026-03-27 06:50:00,24.7000,0.0000
2026-03-27 07:00:00,24.6000,22.5000
2026-03-27 07:10:00,24.5000,22.3000
2026-03-27 07:20:00,24.3000,0.0000
2026-03-27 07:30:00,24.3000,22.1000
2026-03-27 07:40:00,24.2000,22.1000
2026-03-27 07:50:00,24.1000,22.2000
2026-03-27 08:00:00,24.1000,0.0000
2026-03-27 08:10:00,24.1000,22.1000
2026-03-27 08:20:00,24.0000,0.0000
2026-03-27 08:30:00,24.0000,0.0000
2026-03-27 08:40:00,24.0000,22.1000
2026-03-27 08:50:00,24.0000,21.9000
2026-03-27 09:00:00,23.9000,22.0000
2026-03-27 09:10:00,23.9000,22.0000
2026-03-27 09:20:00,23.9000,0.0000
2026-03-27 09:30:00,23.9000,22.0000
2026-03-27 09:40:00,23.9000,22.0000
2026-03-27 09:50:00,23.9000,0.0000
2026-03-27 10:00:00,23.8000,21.9000
2026-03-27 10:10:00,23.7000,21.9000
2026-03-27 10:20:00,23.7000,21.8000
2026-03-27 10:30:00,23.6000,21.8000
2026-03-27 10:40:00,23.6000,21.6000
2026-03-27 10:50:00,23.5000,21.6000
2026-03-27 11:00:00,23.5000,21.5000
2026-03-27 11:10:00,23.4000,21.4000
2026-03-27 11:20:00,23.3000,21.4000
2026-03-27 11:30:00,23.3000,21.4000
2026-03-27 11:40:00,23.3000,21.3000
2026-03-27 11:50:00,23.3000,0.0000
2026-03-27 12:00:00,23.2000,21.4000
2026-03-27 12:10:00,23.2000,0.0000
2026-03-27 12:20:00,23.2000,21.5000
2026-03-27 12:30:00,23.3000,21.4000
2026-03-27 12:40:00,23.3000,21.4000
2026-03-27 12:50:00,23.4000,0.0000
2026-03-27 13:00:00,23.5000,0.0000
2026-03-27 13:10:00,23.7000,21.7000
2026-03-27 13:20:00,23.9000,21.8000
2026-03-27 13:30:00,24.3000,0.0000
2026-03-27 13:40:00,24.8000,21.9000
2026-03-27 13:50:00,25.4000,23.1000
2026-03-27 14:00:00,25.4000,0.0000
2026-03-27 14:10:00,25.2000,0.0000
2026-03-27 14:20:00,25.8000,0.0000
2026-03-27 14:30:00,26.4000,21.7000
2026-03-27 14:40:00,26.4000,22.1000
2026-03-27 14:50:00,25.8000,21.8000
2026-03-27 15:00:00,25.8000,22.4000
2026-03-27 15:10:00,25.4000,22.3000
2026-03-27 15:20:00,25.5000,22.1000
2026-03-27 15:30:00,25.3000,0.0000
2026-03-27 15:40:00,25.3000,22.6000
2026-03-27 15:50:00,25.3000,22.5000
2026-03-27 16:00:00,25.3000,22.6000
2026-03-27 16:10:00,25.4000,22.6000
2026-03-27 16:20:00,25.5000,22.9000
2026-03-27 16:30:00,25.4000,22.7000
2026-03-27 16:40:00,25.2000,0.0000
2026-03-27 16:50:00,25.2000,0.0000
2026-03-27 17:00:00,25.3000,22.6000
2026-03-27 17:10:00,25.3000,22.7000
2026-03-27 17:20:00,25.5000,0.0000
2026-03-27 17:30:00,25.7000,0.0000
2026-03-27 17:40:00,25.8000,23.1000
2026-03-27 17:50:00,25.7000,0.0000
2026-03-27 18:00:00,25.6000,0.0000
2026-03-27 18:10:00,25.5000,22.8000
2026-03-27 18:20:00,25.5000,22.8000
2026-03-27 18:30:00,25.6000,23.0000
2026-03-27 18:40:00,25.7000,0.0000
2026-03-27 18:50:00,25.7000,23.2000
2026-03-27 19:00:00,25.6000,0.0000
2026-03-27 19:10:00,25.7000,0.0000
2026-03-27 19:20:00,25.8000,0.0000
2026-03-27 19:30:00,25.8000,23.5000
2026-03-27 19:40:00,25.9000,23.4000
2026-03-27 19:50:00,25.7000,0.0000
2026-03-27 20:00:00,25.6000,23.4000
2026-03-27 20:10:00,25.7000,23.8000
2026-03-27 20:20:00,25.8000,23.7000
2026-03-27 20:30:00,25.8000,23.9000
2026-03-27 20:40:00,25.9000,23.6000
2026-03-27 20:50:00,25.9000,23.6000
2026-03-27 21:00:00,25.8000,0.0000
2026-03-27 21:10:00,25.8000,23.8000
2026-03-27 21:20:00,25.8000,0.0000
2026-03-27 21:30:00,25.8000,23.5000
2026-03-27 21:40:00,25.8000,23.4000
2026-03-27 21:50:00,25.9000,23.5000
2026-03-27 22:00:00,25.8000,23.4000
2026-03-27 22:10:00,25.9000,23.2000
2026-03-27 22:20:00,26.1000,22.9000
2026-03-27 22:30:00,26.1000,23.7000
2026-03-27 22:40:00,26.1000,23.5000
2026-03-27 22:50:00,26.1000,0.0000
2026-03-27 23:00:00,26.1000,0.0000
2026-03-27 23:10:00,25.8000,23.4000
2026-03-27 23:20:00,25.7000,0.0000
2026-03-27 23:30:00,26.0000,23.5000
2026-03-27 23:40:00,25.8000,0.0000
2026-03-27 23:50:00,25.7000,23.7000
2026-03-28 00:00:00,25.7000,23.2000
2026-03-28 00:10:00,25.6000,23.2000
2026-03-28 00:20:00,25.6000,23.3000
2026-03-28 00:30:00,25.5000,0.0000
2026-03-28 00:40:00,25.6000,23.1000
2026-03-28 00:50:00,25.5000,23.3000
2026-03-28 01:00:00,25.6000,23.4000
2026-03-28 01:10:00,25.6000,23.0000
2026-03-28 01:20:00,25.5000,22.8000
2026-03-28 01:30:00,25.4000,0.0000
2026-03-28 01:40:00,25.4000,0.0000
2026-03-28 01:50:00,25.4000,23.0000
2026-03-28 02:00:00,25.4000,23.0000
2026-03-28 02:10:00,25.4000,0.0000
